{"cameraMode":{"drawMode":0,"name":"Shaded","section":"Shading Mode"},"sceneLighting":true,"audioPlay":false,"sceneViewState":{"m_AlwaysRefresh":false,"showFog":true,"showSkybox":true,"showFlares":true,"showImageEffects":true,"showParticleSystems":true,"showVisualEffectGraphs":true,"m_FxEnabled":true},"in2DMode":false,"pivot":{"x":565.1328735351563,"y":-217.50643920898438,"z":1551.6568603515625},"rotation":{"x":0.10208762437105179,"y":0.034023936837911609,"z":-0.00375745864585042,"w":0.9944059252738953},"size":546.3181762695313,"orthographic":false}